classification,Avg USD Size
Extreme Greed,5660.265764148233
Fear,5259.977836723413
Greed,3182.883844966794
Neutral,3058.8481095084726
